{
  "a": 0.09417018302311735,
  "b": 0.02270832794014859,
  "c": 0.04177560899842087,
  "d": 0.032624453131067335,
  "e": 0.10320614046441792,
  "f": 0.014720805612363767,
  "g": 0.026776515053457246,
  "h": 0.029097310310906312,
  "i": 0.07608144140412644,
  "j": 0.0043697740039866425,
  "k": 0.01830101737036941,
  "l": 0.0552551192109555,
  "m": 0.03309560174998059,
  "n": 0.06636853141422247,
  "o": 0.06919024567035129,
  "p": 0.026996556990861786,
  "q": 0.0023389163581764997,
  "r": 0.06981283491677237,
  "s": 0.06643066090243081,
  "t": 0.061200134613891115,
  "u": 0.03187501617955422,
  "v": 0.012363768153459836,
  "w": 0.013128737477025034,
  "x": 0.00512827150586347,
  "y": 0.01648243547593777,
  "z": 0.006501592068135339
}